{
    "init_time": 0.0,
    "server_port": 81,
    "packet_size": [
        25079213,
        14602574,
        7034963,
        5805445,
        12753092,
        15258006
    ],
    "time_between_packets": [
        0.0,
        2.093272384192857,
        1.694264365523833,
        1.8307737184354145,
        2.3538294883943296,
        5.659724937274845
    ],
    "duration": 10
}