{
    "init_time": 0.0,
    "server_port": 81,
    "packet_size": [
        6730451,
        6962111,
        9531704,
        18083147,
        11452964,
        25744155
    ],
    "time_between_packets": [
        0.0,
        2.0569787113206544,
        1.5914679381156747,
        1.6310900127116676,
        1.1299140141253667,
        2.586667159166697
    ],
    "duration": 10
}