{
    "init_time": 0.0,
    "server_port": 81,
    "packet_size": [
        6868617,
        3243554,
        7405134,
        3670405,
        5052687,
        2379423,
        6716185,
        1721599,
        5204706,
        6340650,
        3187132,
        4460817,
        3549987,
        2738375,
        5718673,
        5923011,
        12266810,
        2798992,
        8200131,
        7381269,
        1302014,
        6266686,
        1407920,
        3418973,
        4111280,
        3050775,
        7184079,
        1794132,
        4168720,
        11670858,
        3026000,
        3257202,
        4091875,
        1966690,
        5598916,
        6500781,
        1946476,
        3206656,
        5362694,
        7413361,
        6100305,
        4282944,
        6472043,
        2481999,
        2364100,
        4823216,
        2699454,
        4923515,
        2619261,
        3989908,
        4656715
    ],
    "time_between_packets": [
        0.0,
        1.8674431822499349,
        2.023905425285999,
        1.5750005872600419,
        2.618789134560008,
        1.4884551185434087,
        2.2625561283393294,
        2.0391791817637994,
        2.1147151740766676,
        5.90663585954772,
        1.8839285114338826,
        2.0503855927501475,
        2.1223594028715658,
        2.696050282242009,
        1.883314522642957,
        1.6767875327301247,
        1.886126830383753,
        2.414824805015531,
        2.005246356089555,
        1.944599901963874,
        1.7185999560421337,
        1.9242391554612912,
        1.3472896188322636,
        2.0417641723568667,
        2.0319020888237214,
        1.7529272126628577,
        2.076674011042921,
        1.8859146533008961,
        1.7707513605947276,
        2.2834890538917643,
        2.0379288665252897,
        2.6153560392827067,
        2.1994885942729483,
        1.7311689325823225,
        1.8621214440145268,
        2.065487464840697,
        1.9137760895005869,
        2.175774780829746,
        1.8075051484166589,
        1.9755920595314103,
        2.0157577743376227,
        2.1059734499320792,
        1.930365267455514,
        2.1760788468528816,
        1.9318751496843727,
        2.4421479622193982,
        2.581477217717231,
        2.4599240471331276,
        2.381186183865979,
        1.7946895791693602,
        2.5950850895866826
    ],
    "duration": 100
}