{
    "init_time": 0.0,
    "server_port": 81,
    "packet_size": [
        1713392,
        4048136,
        3346502,
        4720535,
        3451980,
        1556759
    ],
    "time_between_packets": [
        0.0,
        2.6054181802867027,
        1.6921807571104164,
        1.847593987730031,
        2.8525771804272444,
        2.0488680963626003
    ],
    "duration": 10
}