{
    "init_time": 0.0,
    "server_port": 81,
    "packet_size": [
        6322025,
        10986437,
        13888009,
        6261905,
        8640428,
        6439123,
        3000775,
        5653646,
        18883546,
        7539935,
        10361254,
        5936906,
        11623899,
        4746179,
        9596528,
        14648941,
        7396377,
        17491367,
        10630143,
        10899282,
        12913814,
        2493301,
        13702904,
        9730424,
        11440022,
        13202979,
        7134452,
        20746599,
        9078009,
        11863626,
        28353023,
        14020190,
        12745942,
        13534228,
        5534632,
        16515850,
        12255885,
        9026134,
        11078428,
        13280695,
        16237706,
        11393302,
        10510974,
        13417147,
        2330804,
        6458467,
        6826280,
        1178041,
        9289760,
        12769978,
        20096677
    ],
    "time_between_packets": [
        0.0,
        2.3546978564871512,
        2.451183760723352,
        1.839846613238233,
        1.9425472977015683,
        2.684049359927399,
        2.0126081845235206,
        1.96944990154422,
        1.7771826585714168,
        1.9706753427963466,
        1.8811669211594095,
        2.173067295200438,
        1.9612434478120913,
        2.55712648228005,
        1.8446372920511689,
        0.8415836945482975,
        2.1616015951628036,
        2.4113875609187536,
        2.257230220915477,
        1.7573029185753362,
        1.5162540672662599,
        2.5922222023022763,
        1.7665644809857106,
        1.8029328470222417,
        2.4114358076412454,
        2.0397231192760814,
        1.8191682363029662,
        1.7225973098381986,
        1.0507753370432593,
        1.4866384429685309,
        2.169059063087756,
        2.203499277975319,
        1.436524946260866,
        2.0692913641328285,
        1.7892608485504444,
        2.11924981417574,
        4.312925574982408,
        1.395252999265172,
        1.9650311724832936,
        2.3942055182786226,
        1.915603263969559,
        1.9814686120173628,
        1.96385247196776,
        1.4666628330880793,
        2.481799442829403,
        1.965313082030348,
        1.7898858825692385,
        2.2978477242437787,
        1.2873752743320106,
        2.0826067058274327,
        2.0790081314896542
    ],
    "duration": 100
}