{
    "init_time": 0.0,
    "server_port": 81,
    "packet_size": [
        31182792,
        9409290,
        28551934,
        15676321,
        9137792,
        9519523,
        11489925,
        16373563,
        4867390,
        16346558,
        6163861,
        11922558,
        8005867,
        22475489,
        6222130,
        13632724,
        7493315,
        13920818,
        9179777,
        12322800,
        19409437,
        6608170,
        10177660,
        14949751,
        10824762,
        19751851,
        5168100,
        43850469,
        13446988,
        12854556,
        12554179,
        19180124,
        12292406,
        11645604,
        8888545,
        15823029,
        6585896,
        11184952,
        10951849,
        17670449,
        11786998,
        10105817,
        12587628,
        13630296,
        6229485,
        13313109,
        9624155,
        11338701,
        11222844,
        11550058,
        11363265
    ],
    "time_between_packets": [
        0.0,
        2.04085371773351,
        2.480247970584704,
        1.9306562688793312,
        1.5437163254665687,
        1.6790158742580161,
        1.824223483906563,
        2.337632966814562,
        1.4034138505194003,
        2.3151586680006675,
        2.0677238831239957,
        0.2832280454447791,
        1.9332498994947778,
        2.13956607078831,
        2.059192377962736,
        1.7673871743652443,
        1.0416671616230044,
        2.121496052854397,
        0.25470041067489246,
        2.1590035926162536,
        2.3020665600271166,
        2.11778363669196,
        1.8983594313778838,
        2.071684282429204,
        1.8950890266885556,
        2.6071112568059087,
        1.7373924569731383,
        2.2099110966089484,
        2.4650063365480337,
        2.1854813902240204,
        1.8915607417882416,
        1.2714317975397382,
        1.9456025495077625,
        2.177884859527752,
        1.3157286816446527,
        1.9754301694693415,
        1.6555144524826364,
        1.647710935162649,
        2.254307372148714,
        2.0188891297529454,
        1.3154090521564346,
        1.5961009814793332,
        1.3062079302483935,
        2.3240615661449717,
        3.542124702920768,
        1.5220241258638527,
        1.6985347764337555,
        2.306976138106999,
        2.2427075909038874,
        1.982664325067619,
        2.177814789491824
    ],
    "duration": 100
}