{
    "init_time": 0.0,
    "server_port": 5060,
    "packet_size": 20,
    "time_between_packets": [
        0.024061606320541634,
        0.023208106247799756,
        0.017918972422283796,
        0.02003280289708075,
        0.02270933655246758,
        0.01890461352917414,
        0.011982870394015901,
        0.0285422743148383,
        0.015977329040592573,
        0.02615038073933054,
        0.0213747987386041,
        0.0224258666772615,
        0.014304145099624932,
        0.023041785579536053,
        0.017645736388073263,
        0.0202854289897225,
        0.016397919385540343,
        0.020792763455485145,
        0.011104917303199716,
        0.01900170325293492,
        0.020572713226733867,
        0.012822825368684183,
        0.0203635835691776,
        0.020990491673957716,
        0.02279244575934869,
        0.020703941945407457,
        0.02611479230022107,
        0.0221994131241412,
        0.023592354264959023,
        0.018910691822802146,
        0.01671888666803486,
        0.0274096900031948,
        0.01547706697314806,
        0.02130003577081634,
        0.013481638064213836,
        0.023958008274023557,
        0.01790858404374735,
        0.017046400591977692,
        0.02262974350729287,
        0.014297174576491493,
        0.0162351145573536,
        0.025579833423704786,
        0.015062050138749243,
        0.017337352463837646,
        0.017235494085571644,
        0.016707639700945347,
        0.023168391210402144,
        0.031322060503200314,
        0.023098366643909525,
        0.021559781798188644,
        0.01438302041092997,
        0.01566068714296881,
        0.019793510280010636,
        0.019812013111210114,
        0.019030419762185148,
        0.012668166800867797,
        0.021220111175758713,
        0.01911256043124583,
        0.018537939016557054,
        0.018272061395808198,
        0.015954430565967962,
        0.016877585418740616,
        0.019551461479454708,
        0.020999461457206957,
        0.014893871053930125,
        0.02330991818440489,
        0.022142382162960526,
        0.013278437541273152,
        0.023349443551493737,
        0.02209025208484517,
        0.023012719541133694,
        0.01894827857258333,
        0.020959082614151348,
        0.02131650035598624,
        0.018264104011970067,
        0.01841770311197481,
        0.0230141956081078,
        0.017654208245595705,
        0.025939317310356428,
        0.019175105453896397,
        0.019305950562800815,
        0.020026166203393883,
        0.025002366795058364,
        0.012109875680144405,
        0.02580755828061353,
        0.01625355590608542,
        0.018456120128568416,
        0.026365704723283565,
        0.02068181527371304,
        0.020197952971470076,
        0.020556140796364586,
        0.022056663172967915,
        0.01807993925535696,
        0.02049611620616783,
        0.011607318086562648,
        0.020070489351905096,
        0.01855810369965397,
        0.018504855358093878,
        0.02333448694571163,
        0.0157487494319402,
        0.015613272619048716,
        0.022389147452021464,
        0.020938325726633657,
        0.02804562726417239,
        0.013139559959497525,
        0.02374986450465925,
        0.024410179709489714,
        0.025704438611959604,
        0.02241166292105353,
        0.01799279316949009,
        0.023307224801597533,
        0.02556254883086178,
        0.016590116649851393,
        0.025596728698673687,
        0.024764119533777742,
        0.020178209053223765,
        0.017785409403751774,
        0.01406597350435012,
        0.016531363097261737,
        0.022809742658387294,
        0.02241150977299547,
        0.022061851166101733,
        0.022772522974996278,
        0.022653921774587932,
        0.01602711126359417,
        0.011827299410965409,
        0.018944908299601597,
        0.026120992888561644,
        0.01771160518629889,
        0.020517979439209647,
        0.018130669799490417,
        0.017949822007632787,
        0.020863239526534277,
        0.01930482370791657,
        0.02430909133520657,
        0.026539851041750266,
        0.01968070071307219,
        0.020818433842436035,
        0.019416257546232173,
        0.01967359807155128,
        0.02395159276433482,
        0.019373452674808396,
        0.018557910038798364,
        0.018921953899153254,
        0.019257939297370488,
        0.025418104418306935,
        0.02301141129395502,
        0.023585766289272996,
        0.018551710669455802,
        0.016228297895145096,
        0.01888071134646898,
        0.025476217729832024,
        0.018924707007336783,
        0.021533669364415944,
        0.019404520735957522,
        0.017151565075275224,
        0.020102524576618527,
        0.026098751772425082,
        0.018613340233842406,
        0.023588261364350372,
        0.024946535952785724,
        0.02639716934059412,
        0.01234024462580742,
        0.02529247643991762,
        0.02017760544705959,
        0.010643105360684267,
        0.01730291465674185,
        0.020872635461232664,
        0.026953171205795608,
        0.024186160868493387,
        0.0189423456823981,
        0.02128568756621655,
        0.020809343535570048,
        0.01696456541340897,
        0.023781714686046174,
        0.018930976076444072,
        0.024115961825815067,
        0.023735142948631754,
        0.021429340348886668,
        0.019142088250645894,
        0.02269022536763534,
        0.018672057214796034,
        0.01889127116985047,
        0.024644305256696263,
        0.02030180715716663,
        0.02453601035478988,
        0.02433883030347415,
        0.016885252757201683,
        0.02420829153105085,
        0.02066029705043673,
        0.019464316251149444,
        0.025816703400366355,
        0.016308171983491715,
        0.015180728757667648,
        0.02460639378719765,
        0.024844634591269635,
        0.010494568361092721,
        0.012951948161638546,
        0.020884242446612043,
        0.014049096575191223,
        0.018138661062058397,
        0.02854625337642977,
        0.021721058126178788,
        0.02215568015595723,
        0.019461915917043666,
        0.020297656251973096,
        0.01586271652330329,
        0.021907813686637613,
        0.019152615800051377,
        0.020755946397692713,
        0.018463116434560344,
        0.01683795856796056,
        0.02004883914603056,
        0.016404013116167116,
        0.024492712149452617,
        0.013471980772661938,
        0.016153493392398594,
        0.02209489144760209,
        0.012918420918349726,
        0.018471613571063698,
        0.02183592462189725,
        0.01748049431952987,
        0.02260684204278436,
        0.011148175188289223,
        0.02368747089832969,
        0.012692718813363972,
        0.011289825337897573,
        0.016093663626151493,
        0.02705447091684842,
        0.021528472538740386,
        0.022151026298058756,
        0.02163055686017492,
        0.016602320895546887,
        0.022952598636932935,
        0.010178736981816589,
        0.019920761224549114,
        0.02574778022907505,
        0.017390849971633073,
        0.02377387280018528,
        0.021477638418656943,
        0.021544369684490656,
        0.019425446360852108,
        0.014603802778182618,
        0.024011532734833172,
        0.01638556919872317,
        0.016325497798180613,
        0.017212369989733436,
        0.018387593914368207,
        0.02520643123968972,
        0.020301124900349368,
        0.021004783139467843,
        0.021000584841100643,
        0.016530910461384617,
        0.027922992717291657,
        0.016137319766800953,
        0.014644556189863163,
        0.020124247669707458,
        0.018334879066909324,
        0.02249798464698686,
        0.02668631220207262,
        0.013470577112077997,
        0.021326644362309504,
        0.020264385629969975,
        0.025306785851835455,
        0.030010368071036776,
        0.022986905337718983,
