{
    "init_time": 0,
    "server_port": 80,
    "packet_size": [
        9295,
        6831,
        4090,
        1599,
        1064,
        2080,
        21599,
        1239,
        16447,
        6816,
        14031,
        4595,
        29376,
        94285,
        18214,
        16283,
        7220,
        2770,
        36473,
        18462,
        0,
        6822,
        10378,
        6268,
        5255,
        3700,
        3822,
        977,
        11739,
        3225,
        9486,
        231490,
        22079,
        1022,
        18754,
        64293,
        5355,
        49050,
        4397,
        26942,
        9404,
        10018,
        152026,
        12914,
        6756,
        1432,
        31472,
        68131,
        30847,
        3986,
        12408,
        105714,
        24204,
        10355,
        38134,
        2530,
        4349,
        47051,
        45192,
        7006,
        13560,
        2797,
        10031,
        425,
        18666,
        78299,
        10669,
        5840,
        26976,
        39153,
        28283,
        5226,
        47719,
        223127,
        7985,
        31100,
        9972,
        28391,
        3308,
        6873,
        6950,
        11768,
        5971,
        4800,
        2956,
        27522,
        13091,
        47831,
        25845,
        4037,
        424,
        5744,
        5143,
        3346,
        8204,
        9763,
        39258,
        59141,
        27011,
        29752,
        2387,
        798,
        4002,
        5150,
        42174,
        41549,
        1886
    ],
    "time_between_packets": [
        0.0,
        0.0,
        2.781197360480456,
        2.527605887296399,
        0.00014509710425172147,
        4.804276740676134,
        0.0005069408190396064,
        0.09512938836813753,
        1.9679902225601657e-07,
        1.601281802334666,
        11.466828022253917,
        0.9333591457378039,
        0.012908619234019364,
        5.038943929947393,
        0.0018609329651763699,
        1.358220595010916,
        0.06605249560841618,
        0.23330837368489563,
        3.6967123091070067e-07,
        0.06956452938493864,
        0.3648966572250248,
        0.0,
        0.0,
        10.197745058032137,
        0.047642072248756405,
        0.2915742306801414,
        5.3970371645909244e-05,
        14.387763673049362,
        0.0007248284028325534,
        2.2739121124770563,
        0.14119222360709366,
        0.0783309205235327,
        0.00015455913214929354,
        1.236780803466202e-05,
        0.001226809205829324,
        0.01869525620700443,
        8.109064820531989e-05,
        0.04179161353328071,
        1.4690335912516976,
        1.355531949442037e-06,
        0.16776791816810996,
        1.3131205855797468e-12,
        0.00018569278613299835,
        0.011328311936048274,
        3.993914341225711,
        0.04888293840695895,
        3.356107265323571e-06,
        0.0008437850473692753,
        0.006062324842259292,
        0.0005052008365880159,
        0.02205469811060757,
        0.31687640720507154,
        2.4440377179958643,
        0.10858317557939572,
        2.7449609424757012e-11,
        1.0440708063300554e-07,
        0.829019054613391,
        0.0017960051910035078,
        0.00028797097350133046,
        1.273127374963055,
        7.539818697555583e-06,
        0.0011322545749891848,
        0.5121269114604565,
        0.0006076166870048962,
        1.3266691203305815e-05,
        0.012697887676005666,
        0.007204884433833895,
        0.00016566653480833897,
        1.3945130918560067,
        0.008836226498547402,
        1.0704342994381117e-05,
        0.11053433250252563,
        0.0232162384438427,
        3.5283789148686513e-13,
        0.028148133818380446,
        0.001576390270206529,
        0.013130936555339597,
        0.0001351903962132213,
        3.384594037539841,
        0.00019784092528396722,
        0.002386346285633633,
        6.0718845264936405,
        0.16501791648368802,
        0.0077226759150667065,
        6.669270401117403,
        1.9120946355073465,
        1.884663389557134,
        1.6426119941668536e-07,
        0.035345183862200535,
        0.18577611918822579,
        0.015768822909247568,
        0.0012389679922244843,
        0.5271418527936513,
        0.0029315881703408167,
        0.007604821452308664,
        0.8068767046159405,
        0.0009751904483848931,
        0.13505453431096293,
        1.229391110136707,
        0.8589379456268689,
        5.212194365630399e-08,
        1.137483384666561,
        0.2992667818277889,
        1.8003971183435353e-06,
        0.6530848827480515,
        0.026851237491562405,
        8.668822550888189
    ],
    "duration": 106
}