{
    "init_time": 0,
    "server_port": 80,
    "packet_size": [
        7260,
        5714,
        4494,
        6155,
        2664,
        10091,
        15162,
        12281,
        19004,
        4752,
        760,
        59246
    ],
    "time_between_packets": [
        0.0,
        2.5122104013539333,
        2.4940392551484023,
        0.896676315575702,
        0.033988116888428864,
        0.03417839455620266,
        0.43808374427947155,
        2.0435880183077644,
        0.6814755868868063,
        1.8730944594061635e-05,
        0.48748011539933933,
        1.1187059372694885
    ],
    "duration": 10
}